Component,References,Value,Footprint,Description,Quantity Per PCB,Manufacturer,PartNumber,Remarks,Config,DNF
1,C37 C41 C42,4.7n,C_0603_1608,Unpolarized capacitor,3,Yageo,CC0603KRX7R9BB472,,,
2,C10,10n,C_0603_1608,Unpolarized capacitor,1,,,,,
3,C1 C2 C3 C4 C5 C6 C7 C8 C20,47n,C_0603_1608,Unpolarized capacitor,9,Yageo,CC0603KRX7R9BB473,,,
4,C13 C14 C16 C19 C27 C28 C29 C31 C32 C33 C34 C36 C38,100n,C_0603_1608,Unpolarized capacitor,13,Yageo,CC0603KRX7R9BB104,,,
5,C30,470n,C_0603_1608,Unpolarized capacitor,1,,,,,
6,C9 C11 C12,1u,C_0603_1608,Unpolarized capacitor,3,Murata,GRT188R61H105KE13D,"50V, X5R",,
7,C39,1u,C_0603_1608,Unpolarized capacitor,1,,,,,
8,C15,4.7u,C_1210_3225,Unpolarized capacitor,1,Murata,GRM31CR71H475MA12L,,,
9,C21,4.7u,C_1206_3216,Unpolarized capacitor,1,Murata,GRM31CR71H475MA12L,,,
10,C35,4.7u,C_0603_1608,Unpolarized capacitor,1,Murata,GRM188R61A475KE15D,10V,,
11,C17 C18,10u,C_0805_2012,Unpolarized capacitor,2,Murata,GRM21BR61E106KA73L,25V,,
12,D8 D9,12V,D_SOT-23_ANK,Diode zener,2,ON Semiconductor,SZBZX84C12LT3G,Alternative: Diodes Inc. BZX84C12-7-F,,
13,D1 D6 D7,BAV70,SOT-23,"Dual 100V 215mA high-speed switching diodes, common cathode, SOT-23",3,ON Semiconductor,BAV70LT1G,"Alternative: Nexperia BAV70,215",,
14,D11 D12,NRVTS260ESFT1G,D_SOD-123,Schottky diode,2,On Semiconductor,NRVTS260ESFT1G,"Alternative: Nexperia PMEG6020ER,115",,
15,D2 D5,PMEG6002,D_SOD-523,Diode Schottky,2,Nexperia,PMEG6002EBF,,,
16,D3 D4,SMCJ36A,D_SMC,Diode Schottky,2,Bourns,SMCJ24A,,,
17,D10,USBLC6-2SC6,SOT-23-6,,1,STMicroelectronics,USBLC6-2SC6,Alternative: WE-TVS 82400102,,
18,J1,Conn_01x10,Molex_Micro-Fit_3.0_43045-1400_2x07_P3.00mm_Horizontal,"Generic connector, double row, 02x07, top/bottom pin numbering scheme (row 1: 1...pins_per_row, row2: pins_per_row+1 ... num_pins), script generated (kicad-library-utils/schlib/autogen/connector/)",1,Würth,66201421022,,,
19,J2,UEXT,Box_Header_2x05x2.54mm_Straight,Olimex UEXT connector (2x5 box header),1,Würth,61201021621,,,
20,J3,USB_B_Micro,USB_Micro-B_10103594-0001LF,USB Micro Type B connector,1,Amphenol FCI,10103594-0001LF,,,
21,JP3,Jumper_NC_Small,PinHeader_1x02_P2.54mm_Vertical,"Jumper, normally closed, small symbol",1,,,,,
22,JP1 JP2,RJ45_NS,RJ45_8P8C,,2,FCI / Amphenol,54602-908LF,,,
23,L1,4.7uH,L_0805_2012Metric,"Inductor, small symbol",1,Murata,LQM21PN4R7NGRD,,,
24,L2,47uH,Bourns_SRN6045TA,"Inductor, small symbol",1,Tayo Yuden,NR6045T470M,Alternative: Bourns SRR6045TA-470Y,,
25,LED1 LED2,LED,LED_0603_D3.0mm,,2,,,,,
26,P1 P2 P4,CONN_01X01,Wuerth_WP-THRBU_74650195,"Generic screw terminal, single row, 01x01, script generated (kicad-library-utils/schlib/autogen/connector/)",3,Wuerth,74650195,,,
27,P3,CONN_01X01,Wuerth_WP-THRBU_74650195,"Generic screw terminal, single row, 01x01, script generated (kicad-library-utils/schlib/autogen/connector/)",1,Wuerth,,,,
28,P5,CONN_01X02,PinHeader_1x02_P2.54mm_Vertical,"Generic connector, single row, 01x02, script generated (kicad-library-utils/schlib/autogen/connector/)",1,,,,,
29,Q10 Q11 Q12 Q13,BSC016N06NS,5X6_MOSFET,Transistor N-MOSFET (general),4,Infineon,BSC016N06NS,,,
30,Q4 Q5 Q6 Q7 Q8 Q14 Q15,BSS138,SOT-23,Transistor N-MOSFETwith substrate diode (general),7,ON Semiconductor / Fairchild,BSS138,,,
31,Q1 Q2 Q3 Q9,NDS0605,SOT-23,Transistor P-MOSFET with substrate diode (general),4,ON Semiconductor / Fairchild,NDS0605,,,
32,R58,0.5m,R_Shunt_2512,Resistor,1,Vishay / Dale,WSLF2512L5000FEA,Alternative: Bourns CSS2H-2512R-L500F,,
33,R72,4R7,R_0603_1608,Resistor,1,Yageo,RC0603FR-071KL,,,
34,R1 R2 R3 R4 R5 R6 R7 R8,33,R_2010_5025,Resistor,8,Yageo,RC2010JK-0733RL,,,
35,R37 R64 R67 R68 R71,100,R_0603_1608,Resistor,5,Yageo,RC0603FR-07100RL,,,
36,R69,120,R_1206_3216,Resistor,1,Yageo,RC1206FR-07120RL,,,
37,R60 R61 R62,330,R_2010_5025,Resistor,3,Yageo,RC2010JK-07330RL,,,
38,R17 R18 R19 R20 R21 R22 R23 R24 R25 R36 R38 R41 R42 R54,1k,R_0603_1608,Resistor,14,Yageo,RC0603FR-071KL,,,
39,R39 R55 R56 R65 R66,2.2k,R_0603_1608,Resistor,5,Yageo,RC0603FR-072K2L,,,
40,R26 R30 R33 R34 R45 R46 R47 R48 R49 R50 R51 R52,10k,R_0603_1608,Resistor,12,Yageo,RC0603FR-0710KL,,,
41,R29 R31 R40 R44,22k,R_0603_1608,Resistor,4,Yageo,RC0603FR-0722KL,,,
42,R28,50.5k,R_0603_1608,Resistor,1,Yageo,RC0603FR-0750K5L,,,
43,R9 R10 R11 R12 R13 R14 R15 R16 R27 R43 R73,330k,R_0603_1608,Resistor,11,Yageo,RC0603FR-07330KL,,,
44,R32,1M,R_0603_1608,Resistor,1,Yageo,,,,
45,R35 R53 R57 R63 R70,1M,R_0603_1608,Resistor,5,Yageo,RC0603FR-071ML,,,
46,RT2,10k,R_0603_1608,,1,TDK,NTCG163JF103FT1S,,,
47,S1,SW_PUSH,SW_SPST_6mm,Button,1,,,,,
48,SWD1,ST_Nucleo_SWD_5p,PinHeader_1x05_P2.54mm_Vertical,STM32 Nucleo Board SWD connector (5 pins w/o SWO),1,,,,,
49,U6,24AA32,SOT-23-5,"Microchip 24AAxx/24LCxx I2C EEPROM, SOT-23-5",1,Microchip,24AA32AFT-I/OT,,,
50,U7,ISL94202,QFN-48-1EP_6x6mm_P0.4mm_EP4.3x4.3mm,Standalone 3 to 8 Cell Li-Ion Battery Pack Monitor,1,Intersil,ISL94202IRTZ-T7A,,,
51,U3,STM32L452CCU6,QFN-48-1EP_7x7mm_P0.5mm_EP5.6x5.6mm,"ARM Cortex-M4 MCU, 256KB flash, 160KB RAM, 80MHz, 1.71-3.6V, 38 GPIO, UFQFPN-48",1,ST Microelectronics,STM32L452CCU6,,,
52,U2,TCAN334,SOIC-8_3.9x4.9mm_Pitch1.27mm,"High-Speed CAN Transceiver, 1Mbps, 3.3V supply, low power standby mode, shutdown mode, SOT-23-8/SOIC-8",1,Texas Instruments,TCAN334DR,,,
53,U1,TPS560430X,SOT-23-6,"SIMPLE SWITCHER® 4V to 60V, 600mA Step-Down Regulator with Low Iq",1,Texas Instruments,TPS560430XDBVR,,,
54,Y1,8MHz,Resonator_Murata_CSTNE,Two pin crystal,1,Murata,CSTNE8M00GH5C000R0,0.07%,,
